product ID,identifier ,selling_price,original_price,currency,availability,color,category,breadcrumbs,country,language,average_rating,reviews_count
100,FJ5089,40,,euro,InStock,Black,Clothing,Women/Clothing,Germany,German,4.5,35
101,BC0770,150,,euro,InStock,Grey,Shoes,Women/Shoes,Germany,German,4.8,4
102,GC7946,70,,euro,InStock,White,Clothing,Kids/Clothing,Germany,German,4.9,42
103,FV4744,160,,euro,InStock,Black,Shoes,Five Ten/Shoes,Germany,German,3.7,7
104,GM0239,65,,euro,InStock,Blue,Clothing,Men/Clothing,Germany,German,4.7,11
105,FX7449,110,,euro,InStock,Grey,Shoes,Women/Shoes,Germany,German,4.9,30
106,GM5505,80,,euro,InStock,Black,Clothing,Men/Clothing,Germany,German,4.5,17
107,GP4975,60,,euro,InStock,Black,Clothing,Kids/Clothing,Germany,German,4.5,16
108,FS3923,40,,euro,InStock,Black,Clothing,Women/Clothing,Germany,German,4.5,35
109,GP4967,65,,euro,InStock,Black,Clothing,Men/Clothing,Germany,German,4.8,66
110,GL1127,60,,euro,InStock,Black,Clothing,Women/Clothing,Germany,German,4.4,26
111,B93219,20,,euro,InStock,White,Accessories,Men/Accessories,Germany,German,4,5
112,EH8629,70,,euro,InStock,White,Clothing,Kids/Clothing,Germany,German,5,2
113,CJ5831,14,,euro,InStock,Black,Accessories,Men/Accessories,Germany,German,4.8,21
114,GM7499,30,,euro,InStock,Blue,Accessories,Men/Accessories,Germany,German,5,19
115,H07758,20,25,euro,InStock,Purple,Clothing,Women/Clothing,Germany,German,4.8,116
116,H07757,20,25,euro,InStock,Pink,Clothing,Women/Clothing,Germany,German,4.8,116
117,FV3143,50,,euro,InStock,White,Shoes,Kids/Shoes,Germany,German,4.8,46
118,H07756,20,25,euro,InStock,Green,Clothing,Women/Clothing,Germany,German,4.8,116
119,GN9137,48,80,euro,InStock,Blue,Clothing,Women/Clothing,Germany,German,4.2,144
120,FZ1757,64,80,euro,InStock,Blue,Shoes,Soccer/Shoes,Germany,German,4.4,160
121,GY5110,91,130,euro,InStock,Purple,Shoes,Women/Shoes,Germany,German,4.5,63
122,GZ8209,56,70,euro,InStock,Grey,Shoes,Men/Shoes,Germany,German,4.6,135
123,FZ2853,20,25,euro,InStock,Pink,Shoes,Women/Shoes,Germany,German,4.6,327
124,GL0567,20,25,euro,InStock,White,Clothing,Women/Clothing,Germany,German,4.8,116
125,GK3487,10,14,euro,InStock,White,Accessories,Men/Accessories,Germany,German,5,10
126,H42010,32,35,euro,InStock,Purple,Clothing,Women/Clothing,Germany,German,4.7,49
127,FW6528,64,80,euro,InStock,White,Shoes,Men/Shoes,Germany,German,4.3,106
128,GS4153,18,25,euro,InStock,Yellow,Clothing,Women/Clothing,Germany,German,4.4,7
129,H07840,44,55,euro,InStock,Green,Clothing,Women/Clothing,Germany,German,5,21
130,H14698,20,25,euro,InStock,Black,Clothing,Women/Clothing,Germany,German,4.4,7
131,H39753,24,30,euro,InStock,Blue,Clothing,Men/Clothing,Germany,German,4.6,78
132,GX5152,84,120,euro,InStock,Blue,Shoes,Men/Shoes,Germany,German,4.5,204
133,H04458,35,43,euro,InStock,Black,Shoes,Kids/Shoes,Germany,German,5,9
134,H48444,40,50,euro,InStock,Blue,Clothing,Women/Clothing,Germany,German,4.7,14
135,HG6676,120,150,euro,InStock,Black,Clothing,Women/Clothing,Germany,German,4,2
136,HG6677,120,150,euro,InStock,White,Clothing,Women/Clothing,Germany,German,4,2
137,GU3945,56,70,euro,InStock,Green,Clothing,Men/Clothing,Germany,German,4.8,20
138,H30296,24,30,euro,InStock,Green,Clothing,Men/Clothing,Germany,German,4.7,104
139,GK9081,42,60,euro,InStock,Blue,Clothing,Men/Clothing,Germany,German,4.9,88
140,GY5019,60,85,euro,InStock,White,Shoes,Essentials/Shoes,Germany,German,4.2,120
141,GM5537,18,25,euro,InStock,Grey,Clothing,Women/Clothing,Germany,German,4.8,54
142,GS1343,20,25,euro,InStock,Black,Clothing,Women/Clothing,Germany,German,4,6
143,GV7380,105,150,euro,InStock,White,Shoes,Originals/Shoes,Germany,German,4.7,2540
144,GZ8211,56,70,euro,InStock,Blue,Shoes,Men/Shoes,Germany,German,4.6,135
145,H07839,44,55,euro,InStock,Blue,Clothing,Women/Clothing,Germany,German,5,21
146,GZ7823,105,150,euro,InStock,White,Shoes,Women/Shoes,Germany,German,4.7,58
147,H00652,60,75,euro,InStock,Grey,Shoes,Women/Shoes,Germany,German,4.8,78
148,H29175,42,60,euro,InStock,Blue,Clothing,Men/Clothing,Germany,German,4.8,8
149,GZ9087,105,150,euro,InStock,Black,Shoes,Men/Shoes,Germany,German,4.7,183
150,HG6687,60,75,euro,InStock,Purple,Clothing,Women/Clothing,Germany,German,5,1
151,H20302,36,45,euro,InStock,Blue,Clothing,Kids/Clothing,Germany,German,5,8
152,GV2043,20,28,euro,InStock,Pink,Clothing,Kids/Clothing,Germany,German,4,2
153,GS1355,36,45,euro,InStock,Black,Clothing,Women/Clothing,Germany,German,4.3,16
154,GS3913,36,45,euro,InStock,Black,Clothing,Women/Clothing,Germany,German,4.9,19
155,H10244,41,45,euro,InStock,Purple,Clothing,Women/Clothing,Germany,German,4.3,16
156,GZ7826,105,150,euro,InStock,Green,Shoes,Women/Shoes,Germany,German,4.7,58
157,EX6581,10,14,euro,InStock,Grey,Accessories,Women/Accessories,Germany,German,4.8,6
158,H07368,32,45,euro,InStock,Grey,Clothing,Kids/Clothing,Germany,German,4.6,14
159,GU0680,40,50,euro,InStock,Purple,Clothing,Men/Clothing,Germany,German,4.6,57
160,GY3494,135,150,euro,InStock,White,Shoes,Men/Shoes,Germany,German,4.7,183
161,GZ7730,135,150,euro,InStock,Blue,Shoes,Men/Shoes,Germany,German,4.3,26
162,H00647,53,75,euro,InStock,White,Shoes,Women/Shoes,Germany,German,4.8,78
163,H68075,64,80,euro,InStock,Grey,Shoes,Men/Shoes,Germany,German,4.6,146
164,GV7386,68,75,euro,InStock,Black,Shoes,Men/Shoes,Germany,German,4.6,377
165,H02584,52,65,euro,InStock,White,Shoes,Originals/Shoes,Germany,German,4.8,59
166,H68719,70,100,euro,InStock,Blue,Shoes,Originals/Shoes,Germany,German,3.9,515
167,G58922,56,80,euro,InStock,White,Shoes,Kids/Shoes,Germany,German,4.6,37
168,H00586,56,70,euro,InStock,White,Shoes,Women/Shoes,Germany,German,4.5,808
169,GZ7824,105,150,euro,InStock,White,Shoes,Women/Shoes,Germany,German,4.7,58
170,GZ7825,105,150,euro,InStock,Purple,Shoes,Women/Shoes,Germany,German,4.7,58
171,H02939,70,100,euro,InStock,White,Shoes,Women/Shoes,Germany,German,4.2,77
172,H00430,77,110,euro,InStock,Grey,Shoes,Men/Shoes,Germany,German,5,1
173,FX6515,70,100,euro,InStock,Black,Shoes,Originals/Shoes,Germany,German,3.9,515
174,H00428,77,110,euro,InStock,Black,Shoes,Men/Shoes,Germany,German,5,1
175,H02937,70,100,euro,InStock,Grey,Shoes,Women/Shoes,Germany,German,4.2,77
176,H02936,70,100,euro,InStock,Pink,Shoes,Women/Shoes,Germany,German,4.2,77
177,H02554,52,65,euro,InStock,White,Shoes,Men/Shoes,Germany,German,4.7,838
178,GK5265,21,26,euro,InStock,Black,Clothing,Women/Clothing,Germany,German,4.8,349
179,GZ9173,70,100,euro,InStock,White,Shoes,Women/Shoes,Germany,German,4.2,77
180,H04498,56,80,euro,InStock,White,Shoes,Women/Shoes,Germany,German,4.2,350
181,S23688,96,120,euro,InStock,White,Shoes,Women/Shoes,Germany,German,4.3,8
182,H31065,27,30,euro,InStock,Red,Clothing,Women/Clothing,Germany,German,4.8,349
183,H02975,56,80,euro,InStock,Yellow,Shoes,Women/Shoes,Germany,German,4.2,350
184,H06648,20,25,euro,InStock,Green,Clothing,Women/Clothing,Germany,German,4.6,344
185,GH7532,13,18,euro,InStock,White,Accessories,Training/Accessories,Germany,German,4.6,62
186,GM0307,46,65,euro,InStock,Yellow,Clothing,Men/Clothing,Germany,German,4.8,387
187,H06672,48,60,euro,InStock,Blue,Clothing,Men/Clothing,Germany,German,4.8,214
188,H13911,20,25,euro,InStock,Green,Clothing,Men/Clothing,Germany,German,4.7,293
189,GL0880,28,40,euro,InStock,Black,Accessories,Training/Accessories,Germany,German,4.8,14
190,H07890,40,50,euro,InStock,Blue,Clothing,Women/Clothing,Germany,German,4.4,91
191,GU6982,12,15,euro,InStock,Green,Accessories,Training/Accessories,Germany,German,4.9,273
192,GI7670,13,18,euro,InStock,White,Accessories,Training/Accessories,Germany,German,4.9,273
193,GK3479,10,14,euro,InStock,White,Accessories,Men/Accessories,Germany,German,4.8,60
194,GN3533,64,80,euro,InStock,Multicolor,Clothing,Women/Clothing,Germany,German,4.7,88
195,GM3494,77,110,euro,InStock,Blue,Clothing,Men/Clothing,Germany,German,4.7,47
196,H10149,36,45,euro,InStock,Purple,Clothing,Women/Clothing,Germany,German,4.9,37
197,H29918,80,100,euro,InStock,Black,Clothing,Women/Clothing,Germany,German,4.3,3
198,GX2893,60,100,euro,InStock,Pink,Shoes,Women/Shoes,Germany,German,4.7,1918
199,GX2894,60,100,euro,InStock,Pink,Shoes,Women/Shoes,Germany,German,4.7,1918
200,GS8797,18,22,euro,InStock,White,Clothing,Women/Clothing,Germany,German,4.6,40
201,GT0140,36,45,euro,InStock,Blue,Clothing,Women/Clothing,Germany,German,3.9,134
202,GV9740,28,35,euro,InStock,Gold,Shoes,Women/Shoes,Germany,German,4.7,3812
203,GV9738,28,35,euro,InStock,White,Shoes,Women/Shoes,Germany,German,4.7,3812
204,H12197,39,55,euro,InStock,Green,Clothing,Men/Clothing,Germany,German,4.7,66
205,GZ2915,28,35,euro,InStock,Purple,Shoes,Women/Shoes,Germany,German,4.7,3812
206,H39799,44,55,euro,InStock,Blue,Clothing,Men/Clothing,Germany,German,4.7,44
207,GL0649,20,25,euro,InStock,White,Clothing,Women/Clothing,Germany,German,4.7,35
208,GQ1095,32,35,euro,InStock,Black,Clothing,Men/Clothing,Germany,German,4.7,201
209,GL3961,36,45,euro,InStock,Black,Clothing,Women/Clothing,Germany,German,3.9,134
210,H39784,24,30,euro,InStock,Grey,Clothing,Men/Clothing,Germany,German,4.6,67
211,GN8269,28,35,euro,InStock,Purple,Clothing,Women/Clothing,Germany,German,4.5,236
212,H40972,68,85,euro,InStock,Pink,Clothing,Women/Clothing,Germany,German,5,6
213,GU0325,28,35,euro,InStock,Pink,Clothing,Men/Clothing,Germany,German,4.7,201
214,H39751,24,30,euro,InStock,Green,Clothing,Men/Clothing,Germany,German,4.6,78
215,HA7682,21,30,euro,InStock,Grey,Clothing,Men/Clothing,Germany,German,4.6,78
216,H39778,46,65,euro,InStock,Blue,Clothing,Men/Clothing,Germany,German,4.8,66
217,H33318,32,40,euro,InStock,Red,Clothing,Men/Clothing,Germany,German,4.8,51
218,H39752,24,30,euro,InStock,Blue,Clothing,Men/Clothing,Germany,German,4.6,78
219,H39796,44,55,euro,InStock,Black,Clothing,Men/Clothing,Germany,German,4.7,44
220,GR4086,52,65,euro,InStock,Black,Clothing,Men/Clothing,Germany,German,4.8,66
221,H33317,32,40,euro,InStock,Blue,Clothing,Men/Clothing,Germany,German,4.8,51
222,GZ2916,28,35,euro,InStock,Black,Shoes,Women/Shoes,Germany,German,4.7,3812
223,H39779,44,55,euro,InStock,Blue,Clothing,Men/Clothing,Germany,German,4.7,54
224,GR4097,32,40,euro,InStock,Black,Clothing,Men/Clothing,Germany,German,4.9,30
225,H39793,24,30,euro,InStock,Blue,Clothing,Men/Clothing,Germany,German,4.6,67
226,GU0324,28,35,euro,InStock,Gold,Clothing,Men/Clothing,Germany,German,4.7,201
227,GR4106,48,60,euro,InStock,Blue,Clothing,Men/Clothing,Germany,German,4.6,67
228,GV9739,28,35,euro,InStock,Pink,Shoes,Women/Shoes,Germany,German,4.7,3812
229,GZ2914,28,35,euro,InStock,Black,Shoes,Women/Shoes,Germany,German,4.7,3812
230,H39790,28,40,euro,InStock,Blue,Clothing,Men/Clothing,Germany,German,4.9,30
231,H39749,24,30,euro,InStock,Burgundy,Clothing,Men/Clothing,Germany,German,4.6,78
232,H06605,56,70,euro,InStock,Black,Shoes,Kids/Shoes,Germany,German,4.8,29
233,GU8969,42,60,euro,InStock,Green,Clothing,Men/Clothing,Germany,German,4.6,67
234,H39781,46,65,euro,InStock,Blue,Clothing,Men/Clothing,Germany,German,4.8,66
235,H02815,108,180,euro,InStock,White,Shoes,Women/Shoes,Germany,German,4.5,385
236,H04641,64,80,euro,InStock,White,Shoes,Women/Shoes,Germany,German,4.4,44
237,GZ8185,60,75,euro,InStock,Grey,Shoes,Men/Shoes,Germany,German,4.6,377
238,GZ8184,60,75,euro,InStock,Black,Shoes,Men/Shoes,Germany,German,4.6,377
239,FX6530,84,120,euro,InStock,Black,Shoes,Kids/Shoes,Germany,German,4.8,80
240,H04756,63,70,euro,InStock,White,Shoes,Women/Shoes,Germany,German,4.4,594
241,H04642,56,80,euro,InStock,White,Shoes,Women/Shoes,Germany,German,4.4,44
242,H00948,56,70,euro,InStock,White,Shoes,Women/Shoes,Germany,German,4.4,594
243,Q46111,56,80,euro,InStock,White,Shoes,Women/Shoes,Germany,German,4.4,44
244,H00945,49,70,euro,InStock,White,Shoes,Women/Shoes,Germany,German,4.4,594
245,GY5100,91,130,euro,InStock,Blue,Shoes,Men/Shoes,Germany,German,4.2,77
246,H00465,56,70,euro,InStock,White,Shoes,Men/Shoes,Germany,German,4.5,72
247,GX3667,90,100,euro,InStock,Black,Shoes,Men/Shoes,Germany,German,4.7,344
248,H00569,32,45,euro,InStock,Red,Shoes,Women/Shoes,Germany,German,4.4,207
249,GV7307,56,70,euro,InStock,White,Shoes,Women/Shoes,Germany,German,4.4,594
250,GV7757,32,45,euro,InStock,White,Shoes,Women/Shoes,Germany,German,4.4,207
251,GX3631,90,100,euro,InStock,Green,Shoes,Men/Shoes,Germany,German,4.7,344
252,GY5099,91,130,euro,InStock,White,Shoes,Men/Shoes,Germany,German,4.2,77
253,H00141,32,45,euro,InStock,Black,Shoes,Women/Shoes,Germany,German,4.4,207
254,GW7536,32,45,euro,InStock,Black,Shoes,Women/Shoes,Germany,German,4.4,207
255,FX5923,32,45,euro,InStock,Black,Shoes,Women/Shoes,Germany,German,4.4,207
256,H04248,90,100,euro,InStock,White,Shoes,Men/Shoes,Germany,German,4.7,344
257,GZ7745,105,150,euro,InStock,Grey,Shoes,Men/Shoes,Germany,German,4.7,183
258,GZ7734,105,150,euro,InStock,White,Shoes,Men/Shoes,Germany,German,4.7,183
259,HA3053,20,25,euro,InStock,Green,Clothing,Women/Clothing,Germany,German,4.3,27
260,GY8283,105,150,euro,InStock,Black,Shoes,Men/Shoes,Germany,German,4.7,183
261,S97358,18,30,euro,InStock,Blue,Clothing,Men/Clothing,Germany,German,4.8,53
262,HE9397,48,60,euro,InStock,Black,Clothing,Women/Clothing,Germany,German,4.7,25
263,GX8386,60,85,euro,InStock,White,Shoes,Women/Shoes,Germany,German,4.3,55
264,HF4154,48,60,euro,InStock,Purple,Clothing,Women/Clothing,Germany,German,4.7,25
265,H00142,32,45,euro,InStock,White,Shoes,Women/Shoes,Germany,German,4.4,207
266,GX8387,60,85,euro,InStock,Red,Shoes,Women/Shoes,Germany,German,4.3,55
267,GZ7733,105,150,euro,InStock,Blue,Shoes,Men/Shoes,Germany,German,4.7,183
268,H45371,56,70,euro,InStock,Grey,Clothing,Men/Clothing,Germany,German,4.2,32
269,H47892,32,40,euro,InStock,Black,Clothing,Women/Clothing,Germany,German,4.6,8
270,HA5836,48,60,euro,InStock,Multicolor,Clothing,Men/Clothing,Germany,German,4.9,19
271,H00541,64,80,euro,InStock,Grey,Shoes,Women/Shoes,Germany,German,4.4,152
272,HA3052,20,25,euro,InStock,Pink,Clothing,Women/Clothing,Germany,German,4.3,27
273,GW8086,64,80,euro,InStock,Purple,Shoes,Women/Shoes,Germany,German,4.4,152
274,H45369,56,70,euro,InStock,Black,Clothing,Men/Clothing,Germany,German,4.2,32
275,H44967,24,30,euro,InStock,Grey,Clothing,Men/Clothing,Germany,German,4.6,5
276,H00538,56,80,euro,InStock,Grey,Shoes,Women/Shoes,Germany,German,4.4,152
277,HA2442,40,50,euro,InStock,Black,Clothing,Men/Clothing,Germany,German,4.8,42
278,HA3054,20,25,euro,InStock,Purple,Clothing,Women/Clothing,Germany,German,4.3,27
279,H32387,10,14,euro,InStock,White,Accessories,Originals/Accessories,Germany,German,4.7,76
280,GN4894,9,14,euro,InStock,White,Accessories,Originals/Accessories,Germany,German,4.7,76
281,GS3917,40,50,euro,InStock,Blue,Clothing,Women/Clothing,Germany,German,4.5,29
282,H00474,56,80,euro,InStock,White,Shoes,Women/Shoes,Germany,German,4.6,608
283,H20475,32,40,euro,InStock,Black,Clothing,Women/Clothing,Germany,German,4.8,47
284,GU0890,16,20,euro,InStock,Black,Accessories,Training/Accessories,Germany,German,5,1
285,H20233,52,65,euro,InStock,Red,Clothing,Women/Clothing,Germany,German,4.2,5
286,H28797,52,65,euro,InStock,Grey,Clothing,Men/Clothing,Germany,German,4.8,89
287,GZ2668,36,45,euro,InStock,White,Shoes,Kids/Shoes,Germany,German,4.8,580
288,FY2858,96,120,euro,InStock,White,Shoes,Men/Shoes,Germany,German,4.5,275
289,FY0623,64,80,euro,InStock,Black,Shoes,Soccer/Shoes,Germany,German,4.5,214
290,H37831,59,65,euro,InStock,Pink,Clothing,Women/Clothing,Germany,German,4.6,14
291,H09044,19,23,euro,InStock,Burgundy,Accessories,Women/Accessories,Germany,German,4.6,29
292,GR9652,36,45,euro,InStock,Black,Clothing,Women/Clothing,Germany,German,3.7,20
293,H13478,25,35,euro,InStock,White,Clothing,Men/Clothing,Germany,German,4.9,35
294,H26649,60,75,euro,InStock,Blue,Clothing,Kids/Clothing,Germany,German,5,6
295,Q46321,52,65,euro,InStock,Black,Shoes,Women/Shoes,Germany,German,4.4,454
296,FY1039,48,60,euro,InStock,Black,Shoes,Kids/Shoes,Germany,German,4.7,117
297,Q46322,46,65,euro,InStock,Grey,Shoes,Women/Shoes,Germany,German,4.4,454
298,S42716,96,120,euro,InStock,Black,Shoes,Men/Shoes,Germany,German,4.5,275
299,GW4842,46,65,euro,InStock,White,Shoes,Women/Shoes,Germany,German,4.4,454
300,GW4843,46,65,euro,InStock,Pink,Shoes,Women/Shoes,Germany,German,4.4,454
301,FX5938,53,75,euro,InStock,White,Shoes,Kids/Shoes,Germany,German,4.8,59
302,S23979,36,45,euro,InStock,Pink,Shoes,Kids/Shoes,Germany,German,4.8,18
303,FZ2929,128,160,euro,InStock,White,Shoes,Kids/Shoes,Germany,German,4.6,241
304,S23667,98,140,euro,InStock,Black,Shoes,Men/Shoes,Germany,German,4.5,21
305,FY5680,46,65,euro,InStock,Black,Shoes,Women/Shoes,Germany,German,4.4,454
306,H00515,64,80,euro,InStock,Grey,Shoes,Men/Shoes,Germany,German,4.6,146
307,H00521,72,80,euro,InStock,Black,Shoes,Men/Shoes,Germany,German,4.6,146
308,H00519,64,80,euro,InStock,Grey,Shoes,Men/Shoes,Germany,German,4.6,146
309,GY0127,112,140,euro,InStock,Black,Shoes,Men/Shoes,Germany,German,4.5,21
310,HD9084,32,40,euro,InStock,Blue,Clothing,Men/Clothing,Germany,German,4.9,15
311,FX6655,84,120,euro,InStock,White,Shoes,Men/Shoes,Germany,German,4.5,275
312,GZ5355,52,65,euro,InStock,Black,Shoes,Women/Shoes,Germany,German,4.5,762
313,H00512,72,80,euro,InStock,Black,Shoes,Men/Shoes,Germany,German,4.6,146
314,H01399,84,120,euro,InStock,Beige,Shoes,Men/Shoes,Germany,German,4.8,83
315,GW4852,36,45,euro,InStock,White,Shoes,Kids/Shoes,Germany,German,4.8,31
316,FX6658,84,120,euro,InStock,Black,Shoes,Men/Shoes,Germany,German,4.5,275
317,H02124,84,120,euro,InStock,Grey,Shoes,Men/Shoes,Germany,German,4.8,83
318,H00511,72,80,euro,InStock,White,Shoes,Men/Shoes,Germany,German,4.6,146
319,FZ2267,60,85,euro,InStock,Beige,Shoes,Women/Shoes,Germany,German,3.9,60
320,S42717,84,120,euro,InStock,Grey,Shoes,Men/Shoes,Germany,German,4.5,275
321,H02110,108,120,euro,InStock,Green,Shoes,Men/Shoes,Germany,German,4.8,83
322,GT0135,36,45,euro,InStock,Blue,Clothing,Women/Clothing,Germany,German,3.7,20
323,FZ2268,60,85,euro,InStock,Black,Shoes,Women/Shoes,Germany,German,3.9,60
324,H02119,108,120,euro,InStock,Yellow,Shoes,Men/Shoes,Germany,German,4.8,83
325,H02111,108,120,euro,InStock,Beige,Shoes,Men/Shoes,Germany,German,4.8,83
326,H15775,52,65,euro,InStock,Black,Clothing,Women/Clothing,Germany,German,4.2,5
327,H20236,52,65,euro,InStock,White,Clothing,Women/Clothing,Germany,German,4.2,5
328,GT0186,20,25,euro,InStock,Burgundy,Clothing,Women/Clothing,Germany,German,4.7,41
329,H25298,52,65,euro,InStock,Pink,Clothing,Women/Clothing,Germany,German,4.9,154
330,GN3064,41,58,euro,InStock,Black,Accessories,Originals/Accessories,Germany,German,4.7,132
331,H33570,32,40,euro,InStock,Grey,Clothing,Women/Clothing,Germany,German,4.8,239
332,H00429,77,110,euro,InStock,Beige,Shoes,Men/Shoes,Germany,German,5,1
333,EX6532,20,25,euro,InStock,Black,Accessories,Training/Accessories,Germany,German,5,51
334,GN3430,25,35,euro,InStock,Multicolor,Clothing,Women/Clothing,Germany,German,4.2,33
335,H17991,32,45,euro,InStock,Multicolor,Accessories,Women/Accessories,Germany,German,4.6,7
336,GV9695,28,35,euro,InStock,White,Shoes,Men/Shoes,Germany,German,4.7,7291
337,EX6530,20,25,euro,InStock,Grey,Accessories,Training/Accessories,Germany,German,5,51
338,FY8836,24,30,euro,InStock,Black,Shoes,Kids/Shoes,Germany,German,4.8,84
339,H22615,44,55,euro,OutOfStock,Black,Clothing,Kids/Clothing,Germany,German,4.8,16
340,H04549,52,65,euro,InStock,White,Shoes,Men/Shoes,Germany,German,4.7,838
341,H39787,24,30,euro,InStock,White,Clothing,Men/Clothing,Germany,German,4.6,67
342,EY1191,21,30,euro,InStock,Black,Accessories,Originals/Accessories,Germany,German,4.8,12
343,FZ1700,32,40,euro,InStock,Black,Shoes,Swim/Shoes,Germany,German,4.7,7291
344,GZ7040,63,90,euro,InStock,Black,Shoes,Originals/Shoes,Germany,German,4.7,1891
345,GZ1013,20,25,euro,InStock,Black,Shoes,Men/Shoes,Germany,German,4.5,5815
346,EY1181,21,30,euro,InStock,Green,Accessories,Originals/Accessories,Germany,German,4.8,12
347,GV9714,28,35,euro,InStock,Pink,Shoes,Swim/Shoes,Germany,German,4.7,7291
348,GV7149,52,65,euro,InStock,Green,Shoes,Men/Shoes,Germany,German,4.7,838
349,GZ1008,20,25,euro,InStock,Blue,Shoes,Men/Shoes,Germany,German,4.5,5815
350,GR4111,24,30,euro,InStock,White,Clothing,Men/Clothing,Germany,German,4.6,78
351,GV9713,28,35,euro,InStock,Blue,Shoes,Swim/Shoes,Germany,German,4.7,7291
352,GX1024,81,90,euro,InStock,White,Shoes,Originals/Shoes,Germany,German,4.7,1891
353,GZ2792,56,70,euro,InStock,White,Shoes,Men/Shoes,Germany,German,4.6,619
354,GZ7039,63,90,euro,InStock,White,Shoes,Originals/Shoes,Germany,German,4.7,1891
355,GU1737,35,50,euro,InStock,Green,Accessories,Training/Accessories,Germany,German,4.9,28
356,GU0074,18,22,euro,InStock,White,Accessories,Soccer/Accessories,Germany,German,4.8,5
357,FY4553,44,55,euro,InStock,Black,Shoes,Originals/Shoes,Germany,German,4.5,449
358,GU3145,40,50,euro,InStock,Burgundy,Accessories,Women/Accessories,Germany,German,5,3
359,EF0211,40,50,euro,InStock,White,Shoes,Kids/Shoes,Germany,German,4.8,545
360,GU0870,35,50,euro,InStock,Black,Accessories,Training/Accessories,Germany,German,4.9,28
361,H04260,77,110,euro,InStock,White,Shoes,Women/Shoes,Germany,German,4.8,332
362,H05006,50,55,euro,InStock,Black,Shoes,Originals/Shoes,Germany,German,4.5,449
363,GZ8656,52,65,euro,InStock,White,Shoes,Men/Shoes,Germany,German,4.6,1050
364,H04259,77,110,euro,InStock,Black,Shoes,Women/Shoes,Germany,German,4.8,332
365,FY8103,20,25,euro,InStock,Blue,Shoes,Women/Shoes,Germany,German,4.6,2274
366,GZ7610,35,50,euro,InStock,Grey,Shoes,Kids/Shoes,Germany,German,4.8,463
367,FY8107,20,25,euro,InStock,Pink,Shoes,Women/Shoes,Germany,German,4.6,2274
368,FY8875,40,50,euro,InStock,White,Shoes,Kids/Shoes,Germany,German,4.8,545
369,H01063,44,55,euro,InStock,Black,Shoes,Kids/Shoes,Germany,German,4.8,234
370,GY4944,98,140,euro,InStock,White,Shoes,Running/Shoes,Germany,German,4.6,491
371,EF1730,20,25,euro,InStock,White,Shoes,Swim/Shoes,Germany,German,4.5,5499
372,FY8106,20,25,euro,InStock,Blue,Shoes,Women/Shoes,Germany,German,4.6,2274
373,H05007,44,55,euro,InStock,White,Shoes,Originals/Shoes,Germany,German,4.5,449
374,FY4551,44,55,euro,InStock,Black,Shoes,Originals/Shoes,Germany,German,4.5,449
375,G54899,98,140,euro,InStock,Blue,Shoes,Running/Shoes,Germany,German,4.6,491
376,FZ1720,112,140,euro,InStock,Black,Shoes,Running/Shoes,Germany,German,4.6,491
377,H29905,60,75,euro,InStock,Grey,Clothing,Women/Clothing,Germany,German,4.7,45
378,FY8656,24,30,euro,InStock,White,Shoes,Women/Shoes,Germany,German,4.5,245
379,EX6854,16,20,euro,InStock,Multicolor,Accessories,Men/Accessories,Germany,German,4.9,76
380,EX6896,16,20,euro,InStock,White,Accessories,Women/Accessories,Germany,German,4.8,154
381,FX6822,70,100,euro,InStock,White,Shoes,Men/Shoes,Germany,German,4.5,1047
382,H33588,52,65,euro,InStock,Red,Clothing,Women/Clothing,Germany,German,4.8,671
383,EW9826,16,20,euro,InStock,Multicolor,Accessories,Women/Accessories,Germany,German,4.8,68
384,EW9820,16,20,euro,InStock,White,Accessories,Women/Accessories,Germany,German,4.8,68
385,GZ5313,48,60,euro,InStock,Blue,Shoes,Swim/Shoes,Germany,German,4.6,1365
386,H33587,52,65,euro,InStock,Pink,Clothing,Women/Clothing,Germany,German,4.8,671
387,FY2861,80,100,euro,InStock,White,Shoes,Men/Shoes,Germany,German,4.5,1047
388,S42723,80,100,euro,InStock,White,Shoes,Men/Shoes,Germany,German,4.5,1047
389,EX4452,24,30,euro,InStock,Blue,Clothing,Men/Clothing,Germany,German,4.9,165
390,EX6752,36,45,euro,InStock,Black,Accessories,Originals/Accessories,Germany,German,4.8,59
391,FX6810,50,100,euro,InStock,Blue,Shoes,Women/Shoes,Germany,German,4.5,1030
392,S42548,80,100,euro,InStock,Grey,Shoes,Women/Shoes,Germany,German,4.5,1030
393,FZ8483,20,25,euro,InStock,Blue,Accessories,Originals/Accessories,Germany,German,4.8,176
394,H00237,72,90,euro,InStock,White,Shoes,Men/Shoes,Germany,German,4.7,1095
395,EX4454,24,30,euro,InStock,Grey,Clothing,Men/Clothing,Germany,German,4.9,165
396,GD1521,44,55,euro,InStock,Grey,Clothing,Women/Clothing,Germany,German,4.5,47
397,HG6658,60,75,euro,InStock,Green,Clothing,Originals/Clothing,Germany,German,5,2
398,EX6751,36,45,euro,InStock,Multicolor,Accessories,Originals/Accessories,Germany,German,4.8,59
399,EY1067,25,35,euro,InStock,Red,Clothing,Kids/Clothing,Germany,German,4.2,5
400,S42546,80,100,euro,InStock,White,Shoes,Women/Shoes,Germany,German,4.5,1030
401,FY2862,70,100,euro,InStock,White,Shoes,Women/Shoes,Germany,German,4.5,1030
402,EY1068,25,35,euro,InStock,White,Clothing,Kids/Clothing,Germany,German,4.2,5
403,H05361,88,110,euro,InStock,White,Shoes,Men/Shoes,Germany,German,4.7,1095
404,EW9760,16,20,euro,InStock,Multicolor,Accessories,Men/Accessories,Germany,German,5,18
405,S42545,80,100,euro,InStock,Black,Shoes,Women/Shoes,Germany,German,4.5,1030
406,FZ2497,70,100,euro,InStock,Purple,Shoes,Women/Shoes,Germany,German,4.5,1030
407,FY8654,24,30,euro,InStock,Black,Shoes,Men/Shoes,Germany,German,4.7,470
408,EW9824,16,20,euro,InStock,Multicolor,Accessories,Women/Accessories,Germany,German,4.8,68
409,EX7523,11,15,euro,InStock,Multicolor,Accessories,Women/Accessories,Germany,German,4.9,17
410,EX6589,13,16,euro,InStock,White,Accessories,Women/Accessories,Germany,German,4.8,5
411,EX6575,12,14,euro,InStock,Grey,Accessories,Women/Accessories,Germany,German,5,2
412,EX6914,32,45,euro,InStock,Red,Accessories,Training/Accessories,Germany,German,4.8,64
413,EX6749,36,45,euro,InStock,Grey,Accessories,Originals/Accessories,Germany,German,4.8,59
414,GZ7767,72,90,euro,InStock,White,Shoes,Men/Shoes,Germany,German,4.7,11750
415,HF9214,23,28,euro,InStock,White,Clothing,Men/Clothing,Germany,German,3,2
416,EX6915,36,45,euro,InStock,Black,Accessories,Training/Accessories,Germany,German,4.8,64
417,GY5460,72,90,euro,InStock,White,Shoes,Men/Shoes,Germany,German,4.7,11750
418,EX6911,36,45,euro,InStock,Blue,Accessories,Training/Accessories,Germany,German,4.8,64
419,GV7665,80,100,euro,InStock,White,Shoes,Originals/Shoes,Germany,German,4.7,11750
420,HG6674,64,80,euro,InStock,Black,Clothing,Women/Clothing,Germany,German,4,1
421,H34490,28,35,euro,InStock,White,Clothing,Men/Clothing,Germany,German,4.7,1352
422,H34491,32,35,euro,InStock,Red,Clothing,Men/Clothing,Germany,German,4.7,1352
423,EY0319,25,35,euro,InStock,Black,Clothing,Kids/Clothing,Germany,German,4.2,5
424,FR1165,33,65,euro,InStock,White,Clothing,Men/Clothing,Germany,German,4.7,69
425,H25392,52,65,euro,InStock,Pink,Clothing,Women/Clothing,Germany,German,4.8,237
426,H28785,21,30,euro,InStock,White,Clothing,Men/Clothing,Germany,German,4.5,46
427,H34500,36,40,euro,InStock,White,Clothing,Men/Clothing,Germany,German,4.7,350
428,EY1066,25,35,euro,InStock,Blue,Clothing,Kids/Clothing,Germany,German,4.2,5
429,GT5548,18,25,euro,InStock,Yellow,Clothing,Men/Clothing,Germany,German,4.7,427
430,FR1167,38,75,euro,InStock,Burgundy,Clothing,Men/Clothing,Germany,German,4.7,69
431,GT5557,18,25,euro,InStock,Green,Clothing,Men/Clothing,Germany,German,4.7,427
432,GT5551,20,25,euro,InStock,Blue,Clothing,Men/Clothing,Germany,German,4.7,427
433,GJ9877,45,50,euro,InStock,Grey,Clothing,Men/Clothing,Germany,German,4.4,215
434,GS3911,36,45,euro,InStock,Blue,Clothing,Women/Clothing,Germany,German,4.9,19
435,H10251,52,65,euro,InStock,Pink,Clothing,Women/Clothing,Germany,German,4.8,8
436,GS3883,26,28,euro,InStock,Pink,Clothing,Women/Clothing,Germany,German,4.4,10
437,GS3885,26,28,euro,InStock,Green,Clothing,Women/Clothing,Germany,German,4.4,10
438,GS3881,26,28,euro,InStock,White,Clothing,Women/Clothing,Germany,German,4.4,10
439,GS1368,52,65,euro,InStock,Purple,Clothing,Women/Clothing,Germany,German,4.8,8
440,GS1352,48,60,euro,InStock,Black,Clothing,Women/Clothing,Germany,German,4.4,9
441,GS3930,23,28,euro,InStock,Blue,Clothing,Women/Clothing,Germany,German,4.5,8
442,H28790,21,30,euro,InStock,Green,Clothing,Men/Clothing,Germany,German,4.5,46
443,H10180,48,60,euro,InStock,White,Clothing,Women/Clothing,Germany,German,4.4,9
444,FZ2708,70,100,euro,InStock,Black,Shoes,Originals/Shoes,Germany,German,4.7,11750
445,GS3921,24,30,euro,InStock,Green,Clothing,Women/Clothing,Germany,German,5,6
446,H06746,28,35,euro,InStock,Black,Clothing,Men/Clothing,Germany,German,4.8,17
447,GS3922,24,30,euro,InStock,Blue,Clothing,Women/Clothing,Germany,German,5,6
448,H09422,36,40,euro,InStock,Pink,Clothing,Women/Clothing,Germany,German,4.7,307
449,H37790,26,28,euro,InStock,White,Clothing,Women/Clothing,Germany,German,4.9,37
450,H11363,56,80,euro,InStock,Black,Clothing,Men/Clothing,Germany,German,4.1,16
451,GS6302,52,65,euro,InStock,Black,Clothing,Women/Clothing,Germany,German,4.8,43
452,H28784,21,30,euro,InStock,Blue,Clothing,Men/Clothing,Germany,German,4.5,46
453,GT9130,49,70,euro,InStock,Green,Clothing,Men/Clothing,Germany,German,4.8,142
454,H35596,27,33,euro,InStock,Black,Accessories,Originals/Accessories,Germany,German,4.8,298
455,H22747,52,65,euro,InStock,Grey,Clothing,Women/Clothing,Germany,German,4.6,16
456,H09150,36,45,euro,InStock,Orange,Clothing,Men/Clothing,Germany,German,4.9,104
457,H06656,45,50,euro,InStock,Green,Clothing,Women/Clothing,Germany,German,4.5,128
458,H20476,32,40,euro,InStock,Red,Clothing,Women/Clothing,Germany,German,4.5,56
459,H09423,32,40,euro,InStock,Blue,Clothing,Women/Clothing,Germany,German,4.7,307
460,H37793,23,28,euro,InStock,Pink,Clothing,Women/Clothing,Germany,German,4.9,37
461,H37881,23,25,euro,InStock,Green,Clothing,Women/Clothing,Germany,German,4.7,34
462,H37813,56,70,euro,InStock,Blue,Clothing,Women/Clothing,Germany,German,4.7,23
463,H37812,56,70,euro,InStock,Black,Clothing,Women/Clothing,Germany,German,4.7,23
464,FX4616,77,110,euro,InStock,Green,Shoes,Men/Shoes,Germany,German,4.7,111
465,GS6301,52,65,euro,InStock,Blue,Clothing,Women/Clothing,Germany,German,4.8,43
466,H37866,56,70,euro,InStock,Grey,Clothing,Men/Clothing,Germany,German,4.5,29
467,HE7156,28,35,euro,InStock,Green,Clothing,Men/Clothing,Germany,German,4.9,18
468,H32339,36,45,euro,InStock,Pink,Clothing,Kids/Clothing,Germany,German,4.8,22
469,H20422,49,70,euro,InStock,Multicolor,Clothing,Women/Clothing,Germany,German,4.8,19
470,H13485,63,90,euro,InStock,Black,Clothing,Men/Clothing,Germany,German,4.3,9
471,H19278,28,35,euro,InStock,Black,Clothing,Men/Clothing,Germany,German,5,9
472,H25275,19,26,euro,InStock,Black,Accessories,Originals/Accessories,Germany,German,4.9,34
473,H14656,44,55,euro,InStock,Blue,Clothing,Essentials/Clothing,Germany,German,4.7,29
474,GH6829,35,50,euro,InStock,Green,Clothing,Women/Clothing,Germany,German,4.8,4
475,H20405,32,40,euro,InStock,Blue,Clothing,Women/Clothing,Germany,German,4.9,42
476,H13473,36,45,euro,InStock,Blue,Clothing,Men/Clothing,Germany,German,4.9,38
477,H20421,56,70,euro,InStock,Multicolor,Clothing,Women/Clothing,Germany,German,4.8,19
478,GH6828,35,50,euro,InStock,Black,Clothing,Women/Clothing,Germany,German,4.8,4
479,H20301,32,40,euro,InStock,Blue,Clothing,Kids/Clothing,Germany,German,5,15
480,H34571,18,22,euro,InStock,Red,Accessories,Originals/Accessories,Germany,German,4.5,15
481,H31271,56,70,euro,InStock,Black,Clothing,Men/Clothing,Germany,German,4.8,32
482,H34570,16,22,euro,InStock,Black,Accessories,Originals/Accessories,Germany,German,4.5,15
483,GU3637,24,30,euro,InStock,White,Clothing,Men/Clothing,Germany,German,4.8,18
484,GS7215,49,65,euro,InStock,Orange,Clothing,Men/Clothing,Germany,German,5,2
485,GS7212,49,65,euro,InStock,Black,Clothing,Men/Clothing,Germany,German,5,2
486,GU1468,28,35,euro,InStock,White,Clothing,Men/Clothing,Germany,German,4.8,4
487,GS7214,49,65,euro,InStock,Blue,Clothing,Men/Clothing,Germany,German,5,2
488,H31273,56,70,euro,InStock,Blue,Clothing,Men/Clothing,Germany,German,4.8,32
489,CK1862,13,18,euro,InStock,Black,Accessories,Training/Accessories,Germany,German,4.8,45
490,CK1867,13,18,euro,InStock,White,Accessories,Training/Accessories,Germany,German,4.8,45
491,H33542,52,65,euro,InStock,Pink,Clothing,Women/Clothing,Germany,German,4.7,63
492,H09266,40,50,euro,InStock,Black,Clothing,Women/Clothing,Germany,German,5,2
493,CK1868,13,18,euro,InStock,White,Accessories,Training/Accessories,Germany,German,4.8,45
494,H09144,64,80,euro,InStock,Orange,Clothing,Men/Clothing,Germany,German,4.9,35
495,CK1870,13,18,euro,InStock,White,Accessories,Training/Accessories,Germany,German,4.8,45
496,GT6880,28,40,euro,InStock,Black,Clothing,Kids/Clothing,Germany,German,4.6,74
497,CK1869,13,18,euro,InStock,White,Accessories,Training/Accessories,Germany,German,4.8,45
498,H03941,72,90,euro,InStock,White,Shoes,Women/Shoes,Germany,German,4.6,1841
499,FX6042,72,90,euro,InStock,White,Shoes,Women/Shoes,Germany,German,4.7,9636
500,FX6048,63,90,euro,InStock,White,Shoes,Women/Shoes,Germany,German,4.7,9636
501,G55669,72,90,euro,InStock,White,Shoes,Women/Shoes,Germany,German,4.6,1841
502,H03924,72,90,euro,InStock,White,Shoes,Women/Shoes,Germany,German,4.6,1841
503,GX5153,84,120,euro,InStock,Grey,Shoes,Men/Shoes,Germany,German,4.5,204
504,H56733,36,45,euro,InStock,Burgundy,Clothing,Women/Clothing,Germany,German,3.7,3
505,H35588,23,28,euro,InStock,Blue,Accessories,Originals/Accessories,Germany,German,4.6,48
506,GV7377,63,90,euro,InStock,White,Shoes,Women/Shoes,Germany,German,4.6,1841
507,H05680,21,30,euro,InStock,Pink,Shoes,Women/Shoes,Germany,German,4.7,454
508,GY5801,105,150,euro,InStock,Grey,Shoes,Men/Shoes,Germany,German,4.7,2540
509,H05679,21,30,euro,InStock,White,Shoes,Women/Shoes,Germany,German,4.7,454
510,CK1866,13,18,euro,InStock,Green,Accessories,Training/Accessories,Germany,German,4.8,45
511,GY5806,105,150,euro,InStock,Red,Shoes,Men/Shoes,Germany,German,4.7,2540
512,GZ7924,112,140,euro,InStock,Grey,Shoes,Originals/Shoes,Germany,German,4.6,3938
513,FX5925,21,30,euro,InStock,Orange,Shoes,Women/Shoes,Germany,German,4.7,454
514,FX9734,84,120,euro,InStock,Black,Shoes,Men/Shoes,Germany,German,4.5,204
515,H36277,36,45,euro,InStock,Black,Clothing,Women/Clothing,Germany,German,3.7,3
516,GL3856,39,55,euro,InStock,Pink,Clothing,Women/Clothing,Germany,German,4,25
517,H02029,52,65,euro,InStock,White,Shoes,Men/Shoes,Germany,German,4.8,165
518,FX9741,84,120,euro,InStock,Black,Shoes,Women/Shoes,Germany,German,4.5,125
519,H06577,105,150,euro,InStock,White,Shoes,Originals/Shoes,Germany,German,4.7,2540
520,FX7030,105,150,euro,InStock,White,Shoes,Originals/Shoes,Germany,German,4.7,2540
521,GY5808,105,150,euro,InStock,Green,Shoes,Men/Shoes,Germany,German,4.7,2540
522,GY2630,105,150,euro,InStock,White,Shoes,Originals/Shoes,Germany,German,4.7,2540
523,FX4694,91,130,euro,InStock,Black,Shoes,Women/Shoes,Germany,German,4.5,96
524,FX7031,105,150,euro,InStock,Yellow,Shoes,Originals/Shoes,Germany,German,4.7,2540
525,H01232,46,65,euro,InStock,White,Shoes,Women/Shoes,Germany,German,4.7,1599
526,H02682,52,65,euro,InStock,Multi,Shoes,Women/Shoes,Germany,German,4.7,1599
527,FW9310,88,110,euro,InStock,White,Shoes,Men/Shoes,Germany,German,4.7,92
528,H34726,44,55,euro,InStock,Green,Clothing,Women/Clothing,Germany,German,4.7,94
529,H05681,21,30,euro,InStock,Blue,Shoes,Women/Shoes,Germany,German,4.7,454
530,GZ8856,46,65,euro,InStock,Multi,Shoes,Women/Shoes,Germany,German,4.7,1599
531,H00136,21,30,euro,InStock,White,Shoes,Women/Shoes,Germany,German,4.7,454
532,H04578,54,60,euro,InStock,White,Shoes,Men/Shoes,Germany,German,4.6,843
533,GZ8144,21,30,euro,InStock,White,Shoes,Women/Shoes,Germany,German,4.7,454
534,FX9742,84,120,euro,InStock,White,Shoes,Women/Shoes,Germany,German,4.5,125
535,GX5143,96,120,euro,InStock,Pink,Shoes,Women/Shoes,Germany,German,4.5,125
536,GY5807,105,150,euro,InStock,Grey,Shoes,Men/Shoes,Germany,German,4.7,2540
537,FX4183,46,65,euro,InStock,White,Shoes,Kids/Shoes,Germany,German,4.7,31
538,FX5080,63,90,euro,InStock,Black,Shoes,Men/Shoes,Germany,German,4.6,512
539,S23674,98,140,euro,InStock,Black,Shoes,Women/Shoes,Germany,German,4.5,108
540,H00589,56,70,euro,InStock,Black,Shoes,Women/Shoes,Germany,German,4.5,808
541,FY1119,200,250,euro,InStock,Yellow,Shoes,Soccer/Shoes,Germany,German,4.3,260
542,FY8169,52,65,euro,InStock,White,Shoes,Men/Shoes,Germany,German,4.8,165
543,FZ2594,52,65,euro,InStock,Purple,Shoes,Kids/Shoes,Germany,German,4.7,31
544,FZ2592,64,80,euro,InStock,Purple,Shoes,Kids/Shoes,Germany,German,4.8,29
545,S23672,98,140,euro,InStock,White,Shoes,Women/Shoes,Germany,German,4.5,108
546,FX4934,25,35,euro,InStock,Yellow,Shoes,Kids/Shoes,Germany,German,4.9,25
547,FW6514,64,80,euro,InStock,Black,Shoes,Soccer/Shoes,Germany,German,4.5,214
548,FX5079,63,90,euro,InStock,White,Shoes,Men/Shoes,Germany,German,4.6,512
549,Q47136,48,60,euro,InStock,Pink,Shoes,Kids/Shoes,Germany,German,4.8,85
550,GZ5256,39,55,euro,InStock,Black,Shoes,Kids/Shoes,Germany,German,4.6,602
551,FX1482,44,55,euro,InStock,Blue,Shoes,Kids/Shoes,Germany,German,4.5,17
552,G55781,63,90,euro,InStock,White,Shoes,Men/Shoes,Germany,German,4.1,251
553,H05335,70,100,euro,InStock,Black,Shoes,Men/Shoes,Germany,German,3.9,515
554,H05328,70,100,euro,InStock,White,Shoes,Men/Shoes,Germany,German,3.9,515
555,H00416,90,100,euro,InStock,Blue,Shoes,Men/Shoes,Germany,German,3.9,515
556,GZ7985,44,55,euro,InStock,Grey,Shoes,Kids/Shoes,Germany,German,4.6,602
557,GW8625,70,100,euro,InStock,Green,Shoes,Women/Shoes,Germany,German,4.2,77
558,FX6865,70,100,euro,InStock,Turquoise,Shoes,Women/Shoes,Germany,German,4.2,77
559,FZ3208,75,150,euro,OutOfStock,Pink,Shoes,Women/Shoes,Germany,German,4.1,181
560,H02951,64,80,euro,InStock,Black,Shoes,Men/Shoes,Germany,German,4.5,314
561,GX6117,90,100,euro,InStock,White,Shoes,Originals/Shoes,Germany,German,3.9,515
562,GY0638,88,110,euro,InStock,White,Shoes,Men/Shoes,Germany,German,4.8,1866
563,FY3631,90,100,euro,InStock,Orange,Shoes,Men/Shoes,Germany,German,3.9,515
564,GZ7017,56,70,euro,InStock,Black,Shoes,Kids/Shoes,Germany,German,4.5,41
565,FX5812,81,90,euro,InStock,Black,Shoes,Men/Shoes,Germany,German,4.1,251
566,H01851,81,90,euro,InStock,Grey,Shoes,Men/Shoes,Germany,German,4.1,251
567,H01847,81,90,euro,InStock,Grey,Shoes,Men/Shoes,Germany,German,4.1,251
568,GW8622,70,100,euro,InStock,Green,Shoes,Originals/Shoes,Germany,German,3.9,515
569,H04494,56,80,euro,InStock,Green,Shoes,Women/Shoes,Germany,German,4.2,350
570,GZ5243,48,60,euro,InStock,Black,Shoes,Kids/Shoes,Germany,German,4.9,18
571,H01846,81,90,euro,InStock,Yellow,Shoes,Men/Shoes,Germany,German,4.1,251
572,H01782,72,90,euro,InStock,White,Shoes,Men/Shoes,Germany,German,4.6,512
573,GV7760,90,150,euro,InStock,White,Shoes,Women/Shoes,Germany,German,4.7,684
574,H68718,70,100,euro,InStock,Grey,Shoes,Originals/Shoes,Germany,German,3.9,515
575,G58090,90,150,euro,InStock,White,Shoes,Women/Shoes,Germany,German,4.7,684
576,FZ4689,72,90,euro,InStock,Blue,Shoes,Men/Shoes,Germany,German,4.6,512
577,G58089,90,150,euro,InStock,Blue,Shoes,Women/Shoes,Germany,German,4.7,684
578,FY1103,63,90,euro,InStock,White,Shoes,Men/Shoes,Germany,German,4.1,251
579,GX6118,70,100,euro,InStock,Yellow,Shoes,Women/Shoes,Germany,German,4.2,77
580,FY0375,126,180,euro,InStock,Grey,Shoes,Men/Shoes,Germany,German,4.6,3900
581,H05250,72,90,euro,InStock,White,Shoes,Men/Shoes,Germany,German,4.8,1866
582,H04318,60,85,euro,InStock,Pink,Shoes,Women/Shoes,Germany,German,4.5,562
583,GZ9172,70,100,euro,InStock,White,Shoes,Women/Shoes,Germany,German,4.2,77
584,FY1102,63,90,euro,InStock,Blue,Shoes,Men/Shoes,Germany,German,4.1,251
585,G55780,63,90,euro,InStock,Black,Shoes,Men/Shoes,Germany,German,4.1,251
586,H04319,60,85,euro,InStock,White,Shoes,Women/Shoes,Germany,German,4.5,562
587,H04519,48,60,euro,InStock,Grey,Shoes,Women/Shoes,Germany,German,4.7,540
588,GZ9045,68,85,euro,InStock,White,Shoes,Men/Shoes,Germany,German,4.6,1254
589,GZ9079,70,100,euro,InStock,Grey,Shoes,Men/Shoes,Germany,German,3.9,515
590,GV7671,72,90,euro,InStock,White,Shoes,Originals/Shoes,Germany,German,4.8,1866
591,H04306,68,85,euro,InStock,Grey,Shoes,Men/Shoes,Germany,German,4.6,1254
592,FY7717,63,90,euro,InStock,White,Shoes,Originals/Shoes,Germany,German,4.8,1866
593,GV7672,72,90,euro,InStock,White,Shoes,Originals/Shoes,Germany,German,4.8,1866
594,H03071,68,85,euro,InStock,Black,Shoes,Men/Shoes,Germany,German,4.6,1254
595,H04305,68,85,euro,InStock,Black,Shoes,Men/Shoes,Germany,German,4.6,1254
596,FX5570,72,90,euro,InStock,Yellow,Shoes,Originals/Shoes,Germany,German,4.8,1866
597,GY5793,68,85,euro,InStock,Blue,Shoes,Men/Shoes,Germany,German,4.8,1866
598,GZ3704,68,85,euro,InStock,White,Shoes,Originals/Shoes,Germany,German,4.8,1866
599,H04331,68,85,euro,InStock,Black,Shoes,Women/Shoes,Germany,German,4.5,562
600,H02700,53,75,euro,InStock,Green,Shoes,Women/Shoes,Germany,German,4.8,470
601,FY0377,144,180,euro,InStock,White,Shoes,Men/Shoes,Germany,German,4.6,3900
602,FY9623,42,60,euro,InStock,White,Shoes,Women/Shoes,Germany,German,4.7,540
603,FY5438,60,85,euro,InStock,Grey,Shoes,Men/Shoes,Germany,German,4.6,1254
604,H00547,52,65,euro,InStock,White,Shoes,Women/Shoes,Germany,German,4.2,452
605,H05645,68,85,euro,InStock,White,Shoes,Originals/Shoes,Germany,German,4.8,1866
606,GX2537,68,85,euro,InStock,White,Shoes,Originals/Shoes,Germany,German,4.8,1866
607,FY0374,126,180,euro,InStock,Black,Shoes,Men/Shoes,Germany,German,4.6,3900
608,H05791,52,65,euro,InStock,Grey,Shoes,Women/Shoes,Germany,German,4.2,452
609,GZ5314,41,45,euro,InStock,Blue,Shoes,Swim/Shoes,Germany,German,4.6,2005
610,GZ7435,36,45,euro,InStock,Grey,Shoes,Kids/Shoes,Germany,German,4.6,451
611,G58105,64,80,euro,InStock,Blue,Shoes,Men/Shoes,Germany,German,4.6,375
612,H00128,68,85,euro,InStock,White,Shoes,Originals/Shoes,Germany,German,4.8,1866
613,H00602,52,65,euro,InStock,Black,Shoes,Women/Shoes,Germany,German,4.2,452
614,GZ7416,40,50,euro,InStock,Red,Shoes,Kids/Shoes,Germany,German,4.6,427
615,FY9496,40,50,euro,InStock,White,Shoes,Kids/Shoes,Germany,German,4.6,427
616,H00561,52,65,euro,InStock,Black,Shoes,Women/Shoes,Germany,German,4.2,452
617,FZ3281,72,90,euro,InStock,Blue,Shoes,Men/Shoes,Germany,German,4.3,88
618,G58098,48,60,euro,InStock,White,Shoes,Men/Shoes,Germany,German,4.7,1518
619,H00548,52,65,euro,InStock,Black,Shoes,Women/Shoes,Germany,German,4.2,452
620,H03263,72,90,euro,InStock,Black,Shoes,Men/Shoes,Germany,German,4.4,595
621,GZ7998,112,140,euro,InStock,White,Shoes,Women/Shoes,Germany,German,4.5,1702
622,GZ7417,40,50,euro,InStock,Grey,Shoes,Kids/Shoes,Germany,German,4.6,427
623,H04105,44,55,euro,InStock,Grey,Shoes,Kids/Shoes,Germany,German,4.7,104
624,GV7369,46,65,euro,InStock,Pink,Shoes,Women/Shoes,Germany,German,4.2,452
625,FY8315,46,65,euro,InStock,Black,Shoes,Women/Shoes,Germany,German,4.2,452
626,H04567,72,90,euro,InStock,White,Shoes,Men/Shoes,Germany,German,4.5,94
627,GY7536,80,100,euro,InStock,White,Shoes,Soccer/Shoes,Germany,German,4.7,24
628,H04563,72,90,euro,InStock,White,Shoes,Men/Shoes,Germany,German,4.5,94
629,GZ7418,40,50,euro,InStock,Black,Shoes,Kids/Shoes,Germany,German,4.6,427
630,FY5961,56,80,euro,InStock,White,Shoes,Women/Shoes,Germany,German,4.6,274
631,H04537,48,60,euro,InStock,Orange,Shoes,Men/Shoes,Germany,German,4.7,1518
632,H02028,63,90,euro,InStock,Pink,Shoes,Women/Shoes,Germany,German,4.2,38
633,GY7535,80,100,euro,InStock,Silver,Shoes,Soccer/Shoes,Germany,German,4.7,24
634,Q46282,72,90,euro,InStock,Grey,Shoes,Women/Shoes,Germany,German,4.2,319
635,H04540,48,60,euro,InStock,Blue,Shoes,Men/Shoes,Germany,German,4.7,1518
636,S42589,56,80,euro,InStock,White,Shoes,Kids/Shoes,Germany,German,4.6,37
637,Q46281,72,90,euro,InStock,Black,Shoes,Women/Shoes,Germany,German,4.2,319
638,H02027,63,90,euro,InStock,Black,Shoes,Women/Shoes,Germany,German,4.2,38
639,H02557,72,90,euro,InStock,Grey,Shoes,Men/Shoes,Germany,German,4.4,595
640,H04216,96,120,euro,InStock,Black,Shoes,Men/Shoes,Germany,German,4.6,318
641,GZ8172,72,90,euro,InStock,Black,Shoes,Men/Shoes,Germany,German,4.4,595
642,FZ1927,126,180,euro,InStock,White,Shoes,Men/Shoes,Germany,German,4.5,207
643,GZ5346,72,90,euro,InStock,White,Shoes,Women/Shoes,Germany,German,4.2,319
644,GY2745,44,55,euro,InStock,Red,Shoes,Kids/Shoes,Germany,German,4.7,104
645,G58068,81,90,euro,InStock,Black,Shoes,Men/Shoes,Germany,German,4.5,94
646,H05263,144,180,euro,InStock,Turquoise,Shoes,Running/Shoes,Germany,German,4.8,584
647,H05765,60,75,euro,InStock,Blue,Shoes,Men/Shoes,Germany,German,4.6,377
648,H05264,144,180,euro,InStock,Green,Shoes,Running/Shoes,Germany,German,4.8,584
649,GX0538,112,140,euro,InStock,White,Shoes,Men/Shoes,Germany,German,4.5,223
650,GZ8193,60,75,euro,InStock,Blue,Shoes,Men/Shoes,Germany,German,4.6,377
651,GX0544,112,140,euro,InStock,White,Shoes,Men/Shoes,Germany,German,4.5,223
652,H04566,81,90,euro,InStock,Blue,Shoes,Men/Shoes,Germany,German,4.5,94
653,H04565,81,90,euro,InStock,Black,Shoes,Men/Shoes,Germany,German,4.5,94
654,H04226,96,120,euro,InStock,White,Shoes,Men/Shoes,Germany,German,4.6,318
655,H02025,63,90,euro,InStock,Grey,Shoes,Women/Shoes,Germany,German,4.2,38
656,FY2637,84,120,euro,InStock,White,Shoes,Kids/Shoes,Germany,German,4.8,80
657,GY5062,84,120,euro,InStock,White,Shoes,Kids/Shoes,Germany,German,4.8,80
658,H00651,60,75,euro,InStock,White,Shoes,Women/Shoes,Germany,German,4.8,78
659,H04808,46,65,euro,InStock,White,Shoes,Men/Shoes,Germany,German,4.6,395
660,FY2638,84,120,euro,InStock,Yellow,Shoes,Kids/Shoes,Germany,German,4.8,80
661,GZ8194,60,75,euro,InStock,Grey,Shoes,Men/Shoes,Germany,German,4.6,377
662,G58171,28,35,euro,InStock,Blue,Shoes,Swim/Shoes,Germany,German,4.4,79
663,H02816,108,180,euro,InStock,Black,Shoes,Women/Shoes,Germany,German,4.5,385
664,Q46276,46,65,euro,InStock,Black,Shoes,Kids/Shoes,Germany,German,4.7,17
665,Q46278,46,65,euro,InStock,White,Shoes,Kids/Shoes,Germany,German,4.7,17
666,GZ8191,60,75,euro,InStock,White,Shoes,Men/Shoes,Germany,German,4.6,377
667,H00496,68,85,euro,InStock,Black,Shoes,Men/Shoes,Germany,German,4.6,28
668,GZ8206,56,70,euro,InStock,Green,Shoes,Men/Shoes,Germany,German,4.6,135
669,G55776,53,75,euro,OutOfStock,Black,Shoes,Women/Shoes,Germany,German,4.8,78
670,G58844,80,100,euro,InStock,White,Shoes,Soccer/Shoes,Germany,German,4.7,24
671,H04643,56,80,euro,InStock,White,Shoes,Women/Shoes,Germany,German,4.4,44
672,H01461,96,120,euro,InStock,Purple,Shoes,Kids/Shoes,Germany,German,4.7,18
673,GZ8183,60,75,euro,InStock,Burgundy,Shoes,Men/Shoes,Germany,German,4.6,377
674,H00460,56,70,euro,InStock,Black,Shoes,Men/Shoes,Germany,German,4.5,72
675,GY5469,56,80,euro,InStock,White,Shoes,Women/Shoes,Germany,German,4.4,44
676,Q46277,46,65,euro,InStock,White,Shoes,Kids/Shoes,Germany,German,4.7,17
677,H00462,56,70,euro,InStock,White,Shoes,Men/Shoes,Germany,German,4.5,72
678,H02366,56,70,euro,InStock,Green,Shoes,Kids/Shoes,Germany,German,4.9,14
679,S42627,42,60,euro,InStock,Black,Shoes,Kids/Shoes,Germany,German,4.6,8
680,EW9589,14,20,euro,InStock,Beige,Accessories,Men/Accessories,Germany,German,4.7,55
681,H00466,52,65,euro,InStock,Red,Shoes,Men/Shoes,Germany,German,4.7,105
682,GT0133,32,40,euro,InStock,Blue,Clothing,Women/Clothing,Germany,German,4.3,3
683,GZ7408,56,70,euro,InStock,Pink,Shoes,Kids/Shoes,Germany,German,4.8,29
684,EX6977,32,40,euro,InStock,Multicolor,Accessories,Training/Accessories,Germany,German,4.9,33
685,GS3915,40,50,euro,InStock,Blue,Clothing,Women/Clothing,Germany,German,5,4
686,EW9771,12,14,euro,InStock,Grey,Accessories,Men/Accessories,Germany,German,4.7,15
687,H22737,196,280,euro,InStock,Black,Accessories,Originals/Accessories,Germany,German,5,1
688,GV5302,52,65,euro,InStock,Black,Clothing,Men/Clothing,Germany,German,4.8,89
689,EW9877,28,35,euro,InStock,Blue,Clothing,Men/Clothing,Germany,German,4.7,18
690,H13274,28,40,euro,InStock,Blue,Accessories,Training/Accessories,Germany,German,4.8,206
691,H07803,20,25,euro,InStock,White,Clothing,Women/Clothing,Germany,German,4.5,29
692,H55477,60,75,euro,InStock,Multi,Clothing,Men/Clothing,Germany,German,5,2
693,Q47217,52,65,euro,InStock,Black,Shoes,Kids/Shoes,Germany,German,4.7,41
694,GH7271,32,45,euro,InStock,Blue,Accessories,Soccer/Accessories,Germany,German,4.8,38
695,GK8732,80,100,euro,InStock,Purple,Clothing,Men/Clothing,Germany,German,5,3
696,EX3625,26,32,euro,InStock,Red,Clothing,Kids/Clothing,Germany,German,5,1
697,GU1858,23,28,euro,InStock,Yellow,Clothing,Kids/Clothing,Germany,German,4.7,15
698,GP6780,46,65,euro,InStock,Black,Clothing,Women/Clothing,Germany,German,4.6,112
699,GU1862,32,45,euro,InStock,Orange,Clothing,Kids/Clothing,Germany,German,5,1
700,FX4190,42,60,euro,InStock,Grey,Shoes,Kids/Shoes,Germany,German,4.9,171
701,FW2735,105,150,euro,InStock,Green,Shoes,Women/Shoes,Germany,German,4.3,15
702,HB4778,41,45,euro,InStock,Black,Clothing,Women/Clothing,Germany,German,4.9,18
703,GR9653,32,40,euro,InStock,Black,Clothing,Women/Clothing,Germany,German,4.3,3
704,HC2917,28,35,euro,InStock,Green,Clothing,Women/Clothing,Germany,German,4,11
705,GY4919,44,55,euro,InStock,Blue,Shoes,Kids/Shoes,Germany,German,4.5,191
706,GM1410,56,70,euro,InStock,Black,Clothing,Men/Clothing,Germany,German,4.8,39
707,H20304,19,23,euro,InStock,White,Clothing,Kids/Clothing,Germany,German,5,1
708,H45131,41,45,euro,InStock,Red,Clothing,Women/Clothing,Germany,German,4.8,9
709,GS4165,23,25,euro,InStock,Purple,Clothing,Women/Clothing,Germany,German,4.8,13
710,H29894,36,45,euro,InStock,Purple,Clothing,Women/Clothing,Germany,German,4.6,76
711,EW9777,16,20,euro,InStock,Multicolor,Accessories,Men/Accessories,Germany,German,4.8,120
712,HG6686,56,70,euro,InStock,Green,Clothing,Women/Clothing,Germany,German,5,1
713,HG6681,56,70,euro,InStock,White,Clothing,Women/Clothing,Germany,German,5,1
714,GS3923,23,28,euro,InStock,White,Clothing,Women/Clothing,Germany,German,4.2,9
715,HG6660,56,70,euro,InStock,White,Clothing,Women/Clothing,Germany,German,5,1
716,HG6659,56,70,euro,InStock,Purple,Clothing,Women/Clothing,Germany,German,5,1
717,HG6650,40,50,euro,InStock,Green,Clothing,Women/Clothing,Germany,German,5,1
718,HG6661,56,70,euro,InStock,Green,Clothing,Women/Clothing,Germany,German,5,1
719,HG6649,40,50,euro,InStock,Black,Clothing,Women/Clothing,Germany,German,5,1
720,GT0188,20,25,euro,InStock,Blue,Clothing,Women/Clothing,Germany,German,4.7,41
721,GT0184,18,25,euro,InStock,Green,Clothing,Women/Clothing,Germany,German,4.7,51
722,GT0185,18,25,euro,InStock,Blue,Clothing,Women/Clothing,Germany,German,4.7,51
723,GS8612,36,45,euro,InStock,Blue,Clothing,Women/Clothing,Germany,German,4.1,14
724,HG6680,56,70,euro,InStock,Black,Clothing,Women/Clothing,Germany,German,5,1
725,GT0165,36,45,euro,InStock,Black,Clothing,Women/Clothing,Germany,German,4.7,58
726,GS8611,41,45,euro,InStock,Blue,Clothing,Women/Clothing,Germany,German,4.7,58
727,GL4060,32,45,euro,InStock,Black,Clothing,Women/Clothing,Germany,German,4.5,34
728,GL4048,26,43,euro,InStock,Grey,Clothing,Women/Clothing,Germany,German,4.2,87
729,GM2066,24,30,euro,InStock,Black,Clothing,Men/Clothing,Germany,German,4.8,27
730,GL4002,32,45,euro,InStock,Pink,Clothing,Women/Clothing,Germany,German,4.1,50
731,GM2140,28,35,euro,InStock,Black,Clothing,Men/Clothing,Germany,German,4.8,11
732,GL4006,25,35,euro,InStock,Pink,Clothing,Women/Clothing,Germany,German,4.7,9
733,GT0163,36,45,euro,InStock,Black,Clothing,Women/Clothing,Germany,German,4.1,14
734,FT9976,28,35,euro,InStock,Black,Clothing,Women/Clothing,Germany,German,4.8,4
735,FY5928,180,200,euro,InStock,Grey,Shoes,Originals/Shoes,Germany,German,4.2,562
736,FY5929,180,200,euro,InStock,Orange,Shoes,Originals/Shoes,Germany,German,4.2,562
737,GS6339,24,30,euro,InStock,Black,Clothing,Women/Clothing,Germany,German,4.7,3
738,H10198,23,28,euro,InStock,Purple,Clothing,Women/Clothing,Germany,German,4.6,7
739,H07824,20,25,euro,InStock,Pink,Clothing,Women/Clothing,Germany,German,4.6,33
740,FX4197,42,60,euro,InStock,Pink,Shoes,Kids/Shoes,Germany,German,4.6,14
741,HA0130,40,50,euro,InStock,Pink,Clothing,Women/Clothing,Germany,German,4,2
742,H07819,20,25,euro,InStock,Purple,Clothing,Women/Clothing,Germany,German,4.6,33
743,H22755,27,30,euro,InStock,Grey,Clothing,Women/Clothing,Germany,German,4.5,13
744,H21571,42,60,euro,InStock,Pink,Clothing,Women/Clothing,Germany,German,4.5,2
745,G55557,40,80,euro,InStock,Purple,Shoes,Women/Shoes,Germany,German,4.5,50
746,H31111,56,70,euro,InStock,Pink,Clothing,Women/Clothing,Germany,German,5,1
747,H37830,52,65,euro,InStock,Red,Clothing,Women/Clothing,Germany,German,4.6,14
748,H37754,32,40,euro,InStock,Pink,Clothing,Women/Clothing,Germany,German,4.4,34
749,GR8267,24,30,euro,InStock,Pink,Clothing,Women/Clothing,Germany,German,4,2
750,GR8147,72,90,euro,InStock,Purple,Clothing,Women/Clothing,Germany,German,4.4,44
751,GT0167,23,28,euro,InStock,Pink,Clothing,Women/Clothing,Germany,German,4.7,15
752,H37827,28,35,euro,InStock,Pink,Clothing,Women/Clothing,Germany,German,4.4,31
753,GS8609,28,35,euro,InStock,Purple,Clothing,Women/Clothing,Germany,German,4.8,12
754,GS3924,23,28,euro,InStock,Pink,Clothing,Women/Clothing,Germany,German,4.2,9
755,GS4142,20,25,euro,InStock,Pink,Clothing,Women/Clothing,Germany,German,4.4,10
756,H24101,28,35,euro,InStock,Pink,Clothing,Women/Clothing,Germany,German,4.8,6
757,EX6840,20,28,euro,InStock,Multicolor,Accessories,Women/Accessories,Germany,German,5,2
758,HA7646,46,65,euro,InStock,Purple,Clothing,Women/Clothing,Germany,German,4.6,14
759,Q47138,40,50,euro,InStock,Pink,Shoes,Kids/Shoes,Germany,German,4.8,79
760,FY6537,40,50,euro,InStock,White,Shoes,Kids/Shoes,Germany,German,5,9
761,GZ7457,96,120,euro,InStock,Green,Shoes,Kids/Shoes,Germany,German,4.3,8
762,S23977,44,55,euro,InStock,Pink,Shoes,Kids/Shoes,Germany,German,4.8,16
763,H37775,36,40,euro,InStock,Pink,Clothing,Women/Clothing,Germany,German,4.6,46
764,GZ8141,70,100,euro,InStock,White,Shoes,Women/Shoes,Germany,German,4.7,135
765,FY2860,84,120,euro,InStock,White,Shoes,Women/Shoes,Germany,German,4.3,151
766,FY2688,35,50,euro,InStock,White,Shoes,Kids/Shoes,Germany,German,4.5,13
767,GZ7874,105,150,euro,InStock,White,Shoes,Women/Shoes,Germany,German,4.5,52
768,GZ0160,56,80,euro,InStock,Black,Shoes,Women/Shoes,Germany,German,4.6,16
769,H04193,63,90,euro,InStock,Pink,Shoes,Women/Shoes,Germany,German,4.5,42
770,H04267,70,100,euro,InStock,White,Shoes,Women/Shoes,Germany,German,4.7,85
771,H02148,84,120,euro,InStock,White,Shoes,Women/Shoes,Germany,German,5,6
772,H05280,56,80,euro,InStock,White,Shoes,Women/Shoes,Germany,German,4.6,16
773,H02368,48,60,euro,InStock,Green,Shoes,Kids/Shoes,Germany,German,4.9,27
774,FX5981,53,75,euro,InStock,White,Shoes,Kids/Shoes,Germany,German,5,4
775,S42626,70,100,euro,InStock,White,Shoes,Women/Shoes,Germany,German,4.4,16
776,GZ7456,96,120,euro,InStock,White,Shoes,Kids/Shoes,Germany,German,4.3,8
777,H04324,70,100,euro,InStock,White,Shoes,Women/Shoes,Germany,German,4.7,135
778,GZ8689,70,100,euro,InStock,White,Shoes,Women/Shoes,Germany,German,4.6,21
779,FY4884,56,80,euro,InStock,Black,Shoes,Women/Shoes,Germany,German,4.5,50
780,Q47127,44,55,euro,InStock,Grey,Shoes,Kids/Shoes,Germany,German,5,6
781,GZ7875,105,150,euro,InStock,White,Shoes,Women/Shoes,Germany,German,4.5,52
782,FI5157,16,20,euro,InStock,Green,Clothing,Women/Clothing,Germany,German,4.5,63
783,S23683,96,120,euro,InStock,White,Shoes,Men/Shoes,Germany,German,4.3,48
784,GI7309,240,300,euro,InStock,Black,Clothing,Men/Clothing,Germany,German,5,4
785,HC9929,108,120,euro,InStock,Green,Clothing,Men/Clothing,Germany,German,1,1
786,FX4186,46,65,euro,InStock,Black,Shoes,Kids/Shoes,Germany,German,4.8,91
787,H20306,20,25,euro,InStock,Blue,Clothing,Kids/Clothing,Germany,German,4.8,34
788,GT3882,32,45,euro,InStock,Blue,Clothing,Men/Clothing,Germany,German,4.4,7
789,S29055,88,110,euro,InStock,Beige,Shoes,Men/Shoes,Germany,German,4.8,16
790,GU9689,44,55,euro,InStock,Black,Clothing,Women/Clothing,Germany,German,4,4
791,GZ0159,39,55,euro,InStock,Blue,Shoes,Kids/Shoes,Germany,German,4.5,191
792,GV2052,28,40,euro,InStock,Pink,Clothing,Kids/Clothing,Germany,German,4.1,9
793,S29238,36,45,euro,InStock,White,Shoes,Kids/Shoes,Germany,German,4.8,5
794,S24022,64,80,euro,InStock,Green,Shoes,Kids/Shoes,Germany,German,5,3
795,G58478,68,85,euro,InStock,White,Shoes,Women/Shoes,Germany,German,3.8,69
796,H00458,56,70,euro,InStock,Pink,Shoes,Women/Shoes,Germany,German,4.6,84
797,H05315,70,100,euro,InStock,White,Shoes,Women/Shoes,Germany,German,4.6,21
798,H00455,49,70,euro,InStock,White,Shoes,Women/Shoes,Germany,German,4.6,84
799,H02321,96,120,euro,InStock,White,Shoes,Kids/Shoes,Germany,German,4.5,50
800,H00457,56,70,euro,InStock,Black,Shoes,Women/Shoes,Germany,German,4.6,84
801,H03958,64,80,euro,InStock,White,Shoes,Kids/Shoes,Germany,German,5,87
802,H00456,49,70,euro,InStock,White,Shoes,Women/Shoes,Germany,German,4.6,84
803,H02723,126,180,euro,InStock,White,Shoes,Women/Shoes,Germany,German,4,3
804,H00459,56,70,euro,InStock,White,Shoes,Women/Shoes,Germany,German,4.6,84
805,H03083,128,160,euro,InStock,Blue,Shoes,Men/Shoes,Germany,German,4.2,6
806,H05653,80,100,euro,InStock,Black,Shoes,Originals/Shoes,Germany,German,4.3,49
807,GX8131,60,75,euro,InStock,White,Shoes,Men/Shoes,Germany,German,4.6,57
808,GW7963,60,75,euro,InStock,Black,Shoes,Men/Shoes,Germany,German,4.6,57
809,H51143,52,65,euro,InStock,Black,Clothing,Women/Clothing,Germany,German,4.8,30
810,H51144,52,65,euro,InStock,Grey,Clothing,Women/Clothing,Germany,German,4.8,30
811,H59062,32,40,euro,InStock,Grey,Clothing,Men/Clothing,Germany,German,4.6,10
812,EX4439,21,30,euro,InStock,Red,Clothing,Men/Clothing,Germany,German,4.8,233
813,HB1552,72,80,euro,InStock,Black,Clothing,Sportswear/Clothing,Germany,German,4.8,26
814,H00517,72,80,euro,InStock,Blue,Shoes,Men/Shoes,Germany,German,4.6,146
815,H00516,72,80,euro,InStock,Orange,Shoes,Men/Shoes,Germany,German,4.6,146
816,H34546,56,70,euro,InStock,Red,Clothing,Men/Clothing,Germany,German,4.8,39
817,GU0305,20,25,euro,InStock,Gold,Clothing,Men/Clothing,Germany,German,4.6,70
818,GT9781,60,75,euro,InStock,Black,Clothing,Men/Clothing,Germany,German,4.8,30
819,S23678,96,120,euro,InStock,Grey,Shoes,Men/Shoes,Germany,German,4.3,48
820,H42544,20,25,euro,InStock,Orange,Accessories,Women/Accessories,Germany,German,4.9,7
821,FW6948,64,80,euro,InStock,Yellow,Shoes,Soccer/Shoes,Germany,German,4.4,160
822,H28793,24,30,euro,InStock,Grey,Clothing,Men/Clothing,Germany,German,4.8,157
823,H14684,20,25,euro,InStock,White,Clothing,Women/Clothing,Germany,German,4.5,8
824,FW6945,64,80,euro,InStock,Pink,Shoes,Soccer/Shoes,Germany,German,4.4,160
825,GS4150,18,25,euro,InStock,Blue,Clothing,Women/Clothing,Germany,German,4.5,8
826,GT9515,37,52,euro,InStock,Pink,Clothing,Kids/Clothing,Germany,German,4.9,9
827,H20478,56,70,euro,InStock,Red,Clothing,Women/Clothing,Germany,German,4.6,52
828,H04513,180,200,euro,InStock,Yellow,Shoes,Originals/Shoes,Germany,German,4.2,562
829,H04510,180,200,euro,InStock,Black,Shoes,Men/Shoes,Germany,German,4.2,562
830,FW7518,64,80,euro,InStock,Black,Shoes,Men/Shoes,Germany,German,4.7,51
831,GZ7885,180,200,euro,InStock,White,Shoes,Men/Shoes,Germany,German,4.2,562
832,H04509,180,200,euro,InStock,Blue,Shoes,Originals/Shoes,Germany,German,4.2,562
833,H04511,180,200,euro,InStock,Grey,Shoes,Men/Shoes,Germany,German,4.2,562
834,GS6340,36,45,euro,InStock,Black,Clothing,Women/Clothing,Germany,German,4.6,48
835,H28787,24,30,euro,InStock,Red,Clothing,Men/Clothing,Germany,German,4.8,157
836,GQ1082,20,25,euro,InStock,Blue,Clothing,Men/Clothing,Germany,German,4.6,70
837,GP8632,60,75,euro,InStock,Black,Clothing,Men/Clothing,Germany,German,4.7,38
838,H04508,180,200,euro,InStock,White,Shoes,Originals/Shoes,Germany,German,4.2,562
839,GZ7884,180,200,euro,InStock,Black,Shoes,Men/Shoes,Germany,German,4.2,562
840,H33690,33,65,euro,InStock,Pink,Clothing,Women/Clothing,Germany,German,4.7,133
841,H34614,52,65,euro,InStock,Red,Clothing,Women/Clothing,Germany,German,4.7,249
842,H34691,32,40,euro,InStock,Blue,Clothing,Men/Clothing,Germany,German,4.8,39
843,GP2389,28,35,euro,InStock,Yellow,Clothing,Men/Clothing,Germany,German,5,8
844,GL5681,42,70,euro,InStock,Orange,Clothing,Men/Clothing,Germany,German,4.9,72
845,GM4601,48,60,euro,InStock,Black,Clothing,Men/Clothing,Germany,German,4.8,4
846,H22840,24,30,euro,InStock,Green,Clothing,Women/Clothing,Germany,German,4.5,44
847,H39842,80,100,euro,InStock,Green,Clothing,Men/Clothing,Germany,German,4.8,60
848,GM4772,64,80,euro,InStock,Green,Clothing,Men/Clothing,Germany,German,4.7,99
849,G58804,40,50,euro,InStock,White,Shoes,Kids/Shoes,Germany,German,4.8,52
850,GR0678,20,25,euro,InStock,Red,Clothing,Kids/Clothing,Germany,German,4.4,5
851,GI7303,49,70,euro,InStock,Blue,Clothing,Men/Clothing,Germany,German,4.8,32
852,GR4080,24,30,euro,InStock,White,Clothing,Men/Clothing,Germany,German,4.8,58
853,GT1694,128,160,euro,InStock,Pink,Clothing,Women/Clothing,Germany,German,5,4
854,H29178,24,30,euro,InStock,Green,Clothing,Men/Clothing,Germany,German,4.6,45
855,GT9739,68,85,euro,InStock,Black,Clothing,Women/Clothing,Germany,German,4.7,3
856,GT1692,128,160,euro,InStock,Green,Clothing,Women/Clothing,Germany,German,5,4
857,GT9780,80,100,euro,InStock,Black,Clothing,Men/Clothing,Germany,German,4.8,60
858,GZ7927,46,65,euro,InStock,White,Shoes,Men/Shoes,Germany,German,4.5,231
859,HB1419,44,55,euro,InStock,Black,Clothing,Men/Clothing,Germany,German,4.7,54
860,FZ2489,80,100,euro,InStock,Blue,Shoes,Men/Shoes,Germany,German,4.3,13
861,GR4259,20,25,euro,InStock,Blue,Clothing,Kids/Clothing,Germany,German,4.3,3
862,H21531,24,30,euro,InStock,Grey,Clothing,Men/Clothing,Germany,German,4.8,58
863,FY4084,80,100,euro,InStock,White,Shoes,Men/Shoes,Germany,German,4.3,13
864,H21533,24,30,euro,InStock,Black,Clothing,Men/Clothing,Germany,German,4.8,58
865,GT7836,48,60,euro,InStock,Black,Clothing,Men/Clothing,Germany,German,4.5,20
866,HB1418,44,55,euro,InStock,Grey,Clothing,Men/Clothing,Germany,German,4.7,54
867,EX6696,17,24,euro,InStock,Purple,Accessories,Women/Accessories,Germany,German,4.8,126
868,H45374,44,55,euro,InStock,Black,Clothing,Men/Clothing,Germany,German,4.6,73
869,H56354,44,55,euro,InStock,White,Clothing,Men/Clothing,Germany,German,4.6,73
870,GT4792,21,30,euro,InStock,Black,Accessories,Running/Accessories,Germany,German,4.7,25
871,EX6588,14,20,euro,InStock,Multicolor,Accessories,Women/Accessories,Germany,German,4.8,6
872,EX4446,21,30,euro,InStock,Grey,Clothing,Men/Clothing,Germany,German,4.4,9
873,EY0208,36,44,euro,InStock,Pink,Clothing,Kids/Clothing,Germany,German,5,1
874,EX6537,20,25,euro,InStock,Grey,Accessories,Training/Accessories,Germany,German,5,51
875,EY3692,21,26,euro,InStock,Green,Accessories,Men/Accessories,Germany,German,4.8,4
876,EY0004,28,40,euro,InStock,Black,Clothing,Kids/Clothing,Germany,German,4,1
877,EX6535,20,25,euro,InStock,Grey,Accessories,Training/Accessories,Germany,German,5,51
878,EX6529,20,25,euro,InStock,Pink,Accessories,Training/Accessories,Germany,German,5,51
879,EW3431,70,100,euro,InStock,Black,Accessories,Originals/Accessories,Germany,German,4.7,3
880,EX6528,20,25,euro,InStock,Grey,Accessories,Training/Accessories,Germany,German,5,51
881,EX6531,20,25,euro,InStock,Black,Accessories,Training/Accessories,Germany,German,5,51
882,GZ5350,52,65,euro,InStock,Green,Shoes,Women/Shoes,Germany,German,4.5,762
883,EX6853,16,20,euro,InStock,Multicolor,Accessories,Men/Accessories,Germany,German,4.7,34
884,H25047,36,45,euro,InStock,Blue,Clothing,Men/Clothing,Germany,German,4.8,222
885,H25046,36,45,euro,InStock,Red,Clothing,Men/Clothing,Germany,German,4.8,222
886,GN7927,21,30,euro,InStock,White,Clothing,Men/Clothing,Germany,German,4.7,102
887,H20107,32,40,euro,InStock,White,Clothing,Men/Clothing,Germany,German,4.8,667
888,GN7926,21,30,euro,InStock,Grey,Clothing,Men/Clothing,Germany,German,4.7,102
889,EW4470,13,16,euro,InStock,Multicolor,Accessories,Kids/Accessories,Germany,German,4.9,41
890,H25050,36,45,euro,InStock,Burgundy,Clothing,Men/Clothing,Germany,German,4.8,222
891,GV7370,52,65,euro,InStock,Purple,Shoes,Women/Shoes,Germany,German,4.5,762
892,EX6776,23,28,euro,InStock,Multicolor,Accessories,Men/Accessories,Germany,German,5,2
893,EX4818,112,160,euro,InStock,Brown,Accessories,Originals/Accessories,Germany,German,5,2
894,GV7374,52,65,euro,InStock,White,Shoes,Women/Shoes,Germany,German,4.5,762
895,GQ1346,36,45,euro,InStock,White,Clothing,Men/Clothing,Germany,German,4.8,222
896,EX7146,15,18,euro,InStock,Grey,Accessories,Men/Accessories,Germany,German,5,5
897,H25045,36,45,euro,InStock,Grey,Clothing,Men/Clothing,Germany,German,4.8,222
898,EY0066,40,50,euro,InStock,Black,Clothing,Kids/Clothing,Germany,German,4.8,4
899,EX7508,23,28,euro,InStock,Multicolor,Accessories,Men/Accessories,Germany,German,5,2
900,EX7025,40,50,euro,InStock,Purple,Accessories,Women/Accessories,Germany,German,4.9,76
901,FW6968,80,100,euro,InStock,Pink,Shoes,Soccer/Shoes,Germany,German,4.4,281
902,H07813,20,25,euro,InStock,Grey,Clothing,Women/Clothing,Germany,German,4.5,29
903,EX4821,112,160,euro,InStock,Black,Accessories,Originals/Accessories,Germany,German,5,2
904,GS3935,28,35,euro,InStock,Black,Clothing,Women/Clothing,Germany,German,4.6,15
905,H14696,20,25,euro,InStock,Blue,Clothing,Women/Clothing,Germany,German,4.5,25
906,H20456,56,70,euro,InStock,White,Clothing,Women/Clothing,Germany,German,4.9,17
907,H48154,60,75,euro,InStock,Multi,Clothing,Women/Clothing,Germany,German,5,1
908,H33694,48,60,euro,InStock,Black,Clothing,Women/Clothing,Germany,German,4.7,28
909,H11395,68,85,euro,InStock,White,Clothing,Women/Clothing,Germany,German,4.7,15
910,H32461,41,58,euro,InStock,Black,Accessories,Originals/Accessories,Germany,German,5,9
911,HA5695,48,60,euro,InStock,Grey,Clothing,Women/Clothing,Germany,German,4.8,5
912,H14695,20,25,euro,InStock,White,Clothing,Women/Clothing,Germany,German,4.5,25
913,H20483,25,35,euro,InStock,White,Clothing,Women/Clothing,Germany,German,4.7,41
914,H06683,80,100,euro,InStock,Black,Clothing,Men/Clothing,Germany,German,4.9,12
915,H28794,20,25,euro,InStock,Green,Clothing,Men/Clothing,Germany,German,4.9,41
916,GS4155,20,25,euro,InStock,Green,Clothing,Women/Clothing,Germany,German,4.5,25
917,H20311,40,50,euro,InStock,Blue,Clothing,Kids/Clothing,Germany,German,4.9,25
918,H20312,36,45,euro,InStock,Blue,Clothing,Kids/Clothing,Germany,German,4.6,64
919,GV5159,24,30,euro,InStock,White,Clothing,Men/Clothing,Germany,German,4.9,7
920,H33677,45,55,euro,InStock,Burgundy,Clothing,Women/Clothing,Germany,German,4.9,26
921,H13914,23,32,euro,InStock,Blue,Accessories,Originals/Accessories,Germany,German,4.5,2
922,H32458,63,90,euro,InStock,Black,Accessories,Originals/Accessories,Germany,German,4.7,7
923,GS4147,20,25,euro,InStock,White,Clothing,Women/Clothing,Germany,German,4.5,4
924,GU6302,42,60,euro,InStock,Black,Clothing,Men/Clothing,Germany,German,5,2
925,GN4406,32,40,euro,InStock,Black,Clothing,Women/Clothing,Germany,German,4.8,13
926,GH8146,20,25,euro,InStock,Black,Clothing,Women/Clothing,Germany,German,4.7,98
927,H32236,32,40,euro,InStock,White,Clothing,Women/Clothing,Germany,German,4.8,13
928,H11276,32,40,euro,InStock,Green,Clothing,Women/Clothing,Germany,German,4.8,13
929,H17923,28,40,euro,InStock,Black,Clothing,Women/Clothing,Germany,German,5,5
930,H35501,28,35,euro,InStock,Yellow,Clothing,Men/Clothing,Germany,German,4.8,23
931,H22628,32,45,euro,InStock,White,Clothing,Kids/Clothing,Germany,German,5,8
932,S42718,84,120,euro,InStock,Blue,Shoes,Women/Shoes,Germany,German,4.3,151
933,FX1983,49,70,euro,InStock,White,Shoes,Kids/Shoes,Germany,German,4.8,43
934,H32424,12,14,euro,InStock,White,Accessories,Originals/Accessories,Germany,German,5,9
935,FX2247,44,55,euro,InStock,Blue,Shoes,Kids/Shoes,Germany,German,4.7,177
936,GV9935,48,60,euro,InStock,Grey,Shoes,Kids/Shoes,Germany,German,4.7,177
937,FW6935,42,60,euro,InStock,Pink,Shoes,Kids/Shoes,Germany,German,4.7,68
938,S42721,84,120,euro,InStock,Grey,Shoes,Women/Shoes,Germany,German,4.3,151
939,GW4844,52,65,euro,InStock,White,Shoes,Women/Shoes,Germany,German,4.4,454
940,FX2858,72,120,euro,InStock,White,Shoes,Women/Shoes,Germany,German,4.3,151
941,H00667,70,100,euro,InStock,White,Shoes,Women/Shoes,Germany,German,4.7,135
942,GZ7705,35,50,euro,InStock,Black,Shoes,Kids/Shoes,Germany,German,4.7,190
943,GZ7706,40,50,euro,InStock,Pink,Shoes,Kids/Shoes,Germany,German,4.7,190
944,FY6503,70,100,euro,InStock,Black,Shoes,Women/Shoes,Germany,German,4.7,135
